Nombre,Empresa,Rubro,Email,Ciudad,País,Sitio,Notas
Rodrigo Ehlers,Club de Golf Las Rocas,Club deportivo / golf,rehlers@golflasrocas.cl,Santo Domingo,Chile,https://golflasrocas.cl,"Club con casa club recién remodelada; buscan decorar el hall y el pro shop, 264 socios"
Camila Fuentealba,Café Bruma,Cafetería,camila@cafebruma.cl,Valparaíso,Chile,cafebruma.cl,"Local nuevo en Cerro Alegre, paredes vacías, estética retro; preguntó por láminas en Instagram"
Ignacio Peña,Nodo Coworking,Coworking / oficinas,ipena@nodocowork.cl,Providencia,Chile,https://nodocowork.cl,"3 pisos, 40 puestos; quieren identidad visual en salas de reunión"
Sarah Whitfield,Fairway & Co.,Golf retail,sarah@fairwayandco.com,Austin,United States,fairwayandco.com,"Pro shop chain, 4 locations, sources wall art from small studios"
Martín Osorio,Bitwise Labs,Software / startup,martin@bitwiselabs.io,Santiago,Chile,bitwiselabs.io,"Equipo de 22 devs, oficina nueva en Ñuñoa; cultura geek, mencionaron querer stickers para los notebooks del equipo"
Valentina Ríos,Hotel Punta Brava,Hotelería,,Algarrobo,Chile,hotelpuntabrava.cl,"14 habitaciones frente al mar; renuevan decoración en marzo"
Tomás Krebs,Krebs & Asociados,Estudio jurídico,tkrebs@krebsyasociados.cl,Santiago,Chile,,
James O'Connor,Greenside Media,"Golf media, podcast",james@greensidemedia.co.uk,London,United Kingdom,greensidemedia.co.uk,"Runs a golf podcast; sells merch to listeners, open to affiliate deals"
Camila Fuentealba,Café Bruma,Cafetería,CAMILA@CAFEBRUMA.CL,Valparaíso,Chile,cafebruma.cl,"Duplicado a propósito: mismo email en mayúsculas, debe fusionarse"
Andrea Soto,Deco Sur,"Retail decoración, muebles",andrea@decosur.cl,Concepción,Chile,https://www.decosur.cl,"Tienda de decoración, compran por catálogo; piden margen mayorista"
